predecessor_code,successor_code,dependency_type,lag_days,notes
0,1,FS,0.00,Precon to site
1.1,1.2,FS,0.00,
1.2,1.3,FS,0.00,
1,2,FS,0.00,Site to foundation
2.1,2.2,FS,0.00,
2.2,2.3,FS,0.00,
2.3,2.4,FS,1.00,Curing time
2,3,FS,0.00,Foundation to framing
3.1,3.2,FS,0.00,
3.2,3.3,FS,0.00,
3.3,3.4,FS,0.00,
3,4,FS,0.00,Framing to roofing
4,5,FS,0.00,Roofing to envelope
5,6,FS,0.00,Envelope to exterior
3,7,FS,0.00,Framing to rough MEP
7,8,FS,0.00,Rough MEP to insulation
8,9,FS,0.00,Insulation to drywall
9,10,FS,0.00,Drywall to interior
10,11,FS,0.00,Interior to finish MEP
11,12,FS,0.00,Finish MEP to closeout
