code,name,parent_code,wbs_level,sequence,duration_days,cost_labor,cost_material,planned_start,planned_end,actual_start,actual_end,status,percent_complete,is_milestone,description,notes
0,Pre-Construction & Administration,,1,1,,,,2025-01-01,2025-01-07,,,not_started,0.00,false,Initial planning and permits,
1,Site Work & Earthwork,,1,2,,,,2025-01-08,2025-01-14,,,not_started,0.00,false,Site prep tasks,
1.1,Clearing & Demolition,1,2,1,,,,,,,,not_started,0.00,false,,
1.1,Clearing & Demolition,1,2,1,2.00,1200.00,600.00,2025-01-08,2025-01-09,,,not_started,0.00,false,Remove vegetation and obstacles,
1.2,Grading & Excavation,1,2,2,3.00,2000.00,1200.00,2025-01-10,2025-01-12,,,not_started,0.00,false,Rough grading,
1.3,Fill & Compaction,1,2,3,2.00,900.00,500.00,2025-01-13,2025-01-14,,,not_started,0.00,false,Prepare final grade,
2,Foundation System,,1,3,,,,2025-01-15,2025-01-25,,,not_started,0.00,false,Structural base work,
2.1,Formwork,2,2,1,3.00,1400.00,800.00,2025-01-15,2025-01-17,,,not_started,0.00,false,Build concrete forms,
2.2,Reinforcement,2,2,2,3.00,1000.00,900.00,2025-01-18,2025-01-20,,,not_started,0.00,false,Install rebar,
2.3,Footings,2,2,3,3.00,2200.00,1500.00,2025-01-21,2025-01-23,,,not_started,0.00,false,Pour footings,
2.4,Foundation Pour,2,2,4,2.00,1800.00,2200.00,2025-01-24,2025-01-25,,,not_started,0.00,false,Main foundation pour,
3,Structural Framing,,1,4,,,,2025-01-27,2025-02-10,,,not_started,0.00,false,Structural work,
3.1,Floor Framing,3,2,1,4.00,2500.00,1700.00,2025-01-27,2025-01-30,,,not_started,0.00,false,Subfloor structure,
3.2,Wall Framing,3,2,2,5.00,3000.00,1900.00,2025-01-31,2025-02-04,,,not_started,0.00,false,Exterior and interior walls,
3.3,Roof Framing,3,2,3,4.00,2800.00,1800.00,2025-02-05,2025-02-08,,,not_started,0.00,false,Rafters and trusses,
3.4,Sheathing,3,2,4,2.00,1200.00,1000.00,2025-02-09,2025-02-10,,,not_started,0.00,false,Exterior sheathing,
4,Roofing System,,1,5,,,,,,,,not_started,0.00,false,,
5,Building Envelope,,1,6,,,,,,,,not_started,0.00,false,,
6,Exterior Finishes,,1,7,,,,,,,,not_started,0.00,false,,
7,Rough-In Systems,,1,8,,,,,,,,not_started,0.00,false,,
8,Insulation & Air Sealing,,1,9,,,,,,,,not_started,0.00,false,,
9,Interior Finishes,,1,10,,,,,,,,not_started,0.00,false,,
10,Finish MEP,,1,11,,,,,,,,not_started,0.00,false,,
11,Appliance Installation,,1,12,,,,,,,,not_started,0.00,false,,
12,Exterior Works & Hardscape,,1,13,,,,,,,,not_started,0.00,false,,
13,Inspections & Certifications,,1,14,,,,,,,,not_started,0.00,false,,
14,Punch List & Closeout,,1,15,,,,,,,,not_started,0.00,false,,
